﻿A Plague Tale: Innocence;2019;Asobo Studio
World of Warcraft;2004;Blizzard Entertainment
Diablo III;2012;Blizzard Entertainment
Hearthstone;2014;Blizzard Entertainment
Overwatch;2016;Blizzard Entertainment
Mega Man ZX Advent;2007;Capcom
The Witcher 3: Wild Hunt;2015;CD Projekt
Cyberpunk 2077;2020;CD Projekt
Super Mario Galaxy 2;2010;Nintendo
Final Fantasy IX;2000;Square Enix
Rayman Legends;2013;Ubisoft
Assassin's Creed Origins;2017;Ubisoft
Far Cry 6;2021;Ubisoft
Dead Space;2008;Visceral Games
